name	uci
Amazon Attack	d2d4 d7d5 d1d3
Blackmar-Diemer Gambit	d2d4 d7d5 e2e4
Blackmar-Diemer Gambit	d2d4 d7d5 e2e4 d5e4 b1c3 g8f6
Blackmar-Diemer Gambit Accepted	d2d4 d7d5 e2e4 d5e4 b1c3 g8f6 f2f3 e4f3
Blackmar-Diemer Gambit Accepted: Bogoljubow Defense	d2d4 d7d5 e2e4 d5e4 b1c3 g8f6 f2f3 e4f3 g1f3 g7g6
Blackmar-Diemer Gambit Accepted: Bogoljubow Defense, Kloss Attack	d2d4 d7d5 e2e4 d5e4 b1c3 g8f6 f2f3 e4f3 g1f3 g7g6 f1c4 f8g7 e1g1 e8g8 g1h1
Blackmar-Diemer Gambit Accepted: Bogoljubow Defense, Mad Dog Attack	d2d4 d7d5 e2e4 d5e4 b1c3 g8f6 f2f3 e4f3 g1f3 g7g6 f1c4 f8g7 h2h4
Blackmar-Diemer Gambit Accepted: Bogoljubow Defense, Nimzowitsch Attack	d2d4 d7d5 e2e4 d5e4 b1c3 g8f6 f2f3 e4f3 g1f3 g7g6 f1c4 f8g7 f3e5
Blackmar-Diemer Gambit Accepted: Bogoljubow Defense, Studier Attack	d2d4 d7d5 e2e4 d5e4 b1c3 g8f6 f2f3 e4f3 g1f3 g7g6 f1c4 f8g7 e1g1 e8g8 d1e1
Blackmar-Diemer Gambit Accepted: Euwe Defense	d2d4 d7d5 e2e4 d5e4 b1c3 g8f6 f2f3 e4f3 g1f3 e7e6
Blackmar-Diemer Gambit Accepted: Euwe Defense, Zilbermints Gambit	d2d4 d7d5 e2e4 d5e4 b1c3 g8f6 f2f3 e4f3 g1f3 e7e6 c1g5 f8e7 f1d3 b8c6 e1g1 c6d4 g1h1
Blackmar-Diemer Gambit Accepted: Gunderam Defense	d2d4 d7d5 e2e4 d5e4 b1c3 g8f6 f2f3 e4f3 g1f3 c8f5
Blackmar-Diemer Gambit Accepted: Gunderam Defense, Stader Variation	d2d4 d7d5 e2e4 d5e4 b1c3 g8f6 f2f3 e4f3 g1f3 c8f5 f3e5 e7e6 g2g4 f5e4
Blackmar-Diemer Gambit Accepted: Holwell Defense	d2d4 d7d5 e2e4 d5e4 b1c3 g8f6 f2f3 e4f3 g1f3 d8d6
Blackmar-Diemer Gambit Accepted: Kaulich Defense	d2d4 d7d5 e2e4 d5e4 b1c3 g8f6 f2f3 e4f3 g1f3 c7c5
Blackmar-Diemer Gambit Accepted: Pietrowsky Defense	d2d4 d7d5 e2e4 d5e4 b1c3 g8f6 f2f3 e4f3 g1f3 b8c6
Blackmar-Diemer Gambit Accepted: Ritter Defense	d2d4 d7d5 e2e4 d5e4 b1c3 g8f6 f2f3 e4f3 g1f3 b7b6
Blackmar-Diemer Gambit Accepted: Ryder Gambit	d2d4 d7d5 e2e4 d5e4 b1c3 g8f6 f2f3 e4f3 d1f3
Blackmar-Diemer Gambit Accepted: Schlutter Defense	d2d4 d7d5 e2e4 d5e4 b1c3 g8f6 f2f3 e4f3 g1f3 b8d7
Blackmar-Diemer Gambit Accepted: Teichmann Defense	d2d4 d7d5 e2e4 d5e4 b1c3 g8f6 f2f3 e4f3 g1f3 c8g4
Blackmar-Diemer Gambit Accepted: Teichmann Defense, Ciesielski Variation	d2d4 d7d5 e2e4 d5e4 b1c3 g8f6 f2f3 e4f3 g1f3 c8g4 h2h3 g4f3 d1f3 c7c6 f3f2
Blackmar-Diemer Gambit Accepted: Teichmann Defense, Classical Variation	d2d4 d7d5 e2e4 d5e4 b1c3 g8f6 f2f3 e4f3 g1f3 c8g4 h2h3 g4f3 d1f3 c7c6 c1e3
Blackmar-Diemer Gambit Accepted: Teichmann Defense, Seidel-Hall Attack	d2d4 d7d5 e2e4 d5e4 b1c3 g8f6 f2f3 e4f3 g1f3 c8g4 h2h3 g4f3 d1f3 c7c6 g2g4
Blackmar-Diemer Gambit Accepted: Ziegler Defense	d2d4 d7d5 e2e4 d5e4 b1c3 g8f6 f2f3 e4f3 g1f3 c7c6
Blackmar-Diemer Gambit Declined: Brombacher Countergambit	d2d4 d7d5 e2e4 d5e4 b1c3 g8f6 f2f3 c7c5
Blackmar-Diemer Gambit Declined: Elbert Countergambit	d2d4 d7d5 e2e4 d5e4 b1c3 g8f6 f2f3 e7e5
Blackmar-Diemer Gambit Declined: Gedult Defense	d2d4 d7d5 e2e4 d5e4 b1c3 g8f6 f2f3 a7a6
Blackmar-Diemer Gambit Declined: Lamb Defense	d2d4 d7d5 e2e4 d5e4 b1c3 g8f6 f2f3 b8c6
Blackmar-Diemer Gambit Declined: Langeheinicke Defense	d2d4 d7d5 e2e4 d5e4 b1c3 g8f6 f2f3 e4e3
Blackmar-Diemer Gambit Declined: O'Kelly Defense	d2d4 d7d5 e2e4 d5e4 b1c3 g8f6 f2f3 c7c6
Blackmar-Diemer Gambit Declined: Vienna Defense	d2d4 d7d5 e2e4 d5e4 b1c3 g8f6 f2f3 c8f5
Blackmar-Diemer Gambit Declined: Weinsbach Defense	d2d4 d7d5 e2e4 d5e4 b1c3 g8f6 f2f3 e7e6
Blackmar-Diemer Gambit: Blackmar Gambit	d2d4 d7d5 e2e4 d5e4 f2f3
Blackmar-Diemer Gambit: Diemer-Rosenberg Attack	d2d4 d7d5 e2e4 d5e4 c1e3
Blackmar-Diemer Gambit: Fritz Attack	d2d4 d7d5 e2e4 d5e4 f1c4
Blackmar-Diemer Gambit: Lemberger Countergambit	d2d4 d7d5 e2e4 d5e4 b1c3 e7e5
Blackmar-Diemer Gambit: Lemberger Countergambit, Endgame Variation	d2d4 d7d5 e2e4 d5e4 b1c3 e7e5 d4e5
Blackmar-Diemer Gambit: Lemberger Countergambit, Lange Gambit	d2d4 d7d5 e2e4 d5e4 b1c3 e7e5 c3e4
Blackmar-Diemer Gambit: Lemberger Countergambit, Rasmussen Attack	d2d4 d7d5 e2e4 d5e4 b1c3 e7e5 g1e2
Blackmar-Diemer Gambit: Lemberger Countergambit, Sneiders Attack	d2d4 d7d5 e2e4 d5e4 b1c3 e7e5 d1h5
Blackmar-Diemer Gambit: Lemberger Countergambit, Soller Attack	d2d4 d7d5 e2e4 d5e4 b1c3 e7e5 c1e3
Blackmar-Diemer Gambit: Netherlands Variation	d2d4 d7d5 e2e4 d5e4 b1c3 f7f5
Blackmar-Diemer Gambit: Rasa-Studier Gambit	d2d4 d7d5 e2e4 d5e4 b1c3 g8f6 c1e3
Blackmar-Diemer Gambit: Reversed Albin Countergambit	d2d4 d7d5 e2e4 d5e4 b1c3 c7c5
Blackmar-Diemer Gambit: Zeller Defense	d2d4 d7d5 e2e4 d5e4 b1c3 c8f5
Blackmar-Diemer Gambit: Zeller Defense, Soller Attack	d2d4 d7d5 e2e4 d5e4 b1c3 c8f5 f2f3 g8f6 f1c4
Blackmar-Diemer Gambit: von Popiel Gambit	d2d4 d7d5 e2e4 d5e4 b1c3 g8f6 c1g5
Blackmar-Diemer Gambit: von Popiel Gambit, Zilbermints Variation	d2d4 d7d5 e2e4 d5e4 b1c3 g8f6 c1g5 c8f5 g5f6 e7f6 g2g4 f5g6 d1e2 f8b4 e2b5
Queen's Pawn Game	d2d4 d7d5
Queen's Pawn Game	d2d4 d7d5 e2e3
Queen's Pawn Game	d2d4 d7d5 e2e3 g8f6
Queen's Pawn Game: Accelerated London System	d2d4 d7d5 c1f4
Queen's Pawn Game: Accelerated London System, Steinitz Countergambit	d2d4 d7d5 c1f4 c7c5
Queen's Pawn Game: Accelerated London System, Steinitz Countergambit Accepted	d2d4 d7d5 c1f4 c7c5 d4c5
Queen's Pawn Game: Accelerated London System, Steinitz Countergambit, Morris Countergambit	d2d4 d7d5 c1f4 c7c5 e2e4
Queen's Pawn Game: Accelerated London System, Steinitz Countergambit, Morris Countergambit Accepted	d2d4 d7d5 c1f4 c7c5 e2e4 d5e4
Queen's Pawn Game: Chigorin Variation	d2d4 d7d5 b1c3
Queen's Pawn Game: Chigorin Variation, Alburt Defense	d2d4 d7d5 b1c3 c8f5
Queen's Pawn Game: Chigorin Variation, Anti-Veresov	d2d4 d7d5 b1c3 c8g4
Queen's Pawn Game: Chigorin Variation, Fianchetto Defense	d2d4 g7g6 g1f3 f8g7 b1c3 d7d5
Queen's Pawn Game: Chigorin Variation, Irish Gambit	d2d4 d7d5 b1c3 c7c5
Queen's Pawn Game: Chigorin Variation, Shaviliuk Gambit	d2d4 d7d5 b1c3 e7e5
Queen's Pawn Game: Chigorin Variation, Shropshire Defense	d2d4 d7d5 b1c3 h7h5
Queen's Pawn Game: Hübsch Gambit	d2d4 g8f6 b1c3 d7d5 e2e4
Queen's Pawn Game: Levitsky Attack	d2d4 d7d5 c1g5
Queen's Pawn Game: Levitsky Attack, Welling Variation	d2d4 d7d5 c1g5 c8g4
Queen's Pawn Game: Mason Attack	d2d4 d7d5 f2f4
Queen's Pawn Game: Stonewall Attack	d2d4 d7d5 e2e3 g8f6 f1d3
Queen's Pawn Game: Zurich Gambit	d2d4 d7d5 g2g4
Rapport-Jobava System	d2d4 d7d5 b1c3 g8f6 c1f4
Richter-Veresov Attack	d2d4 g8f6 b1c3 d7d5 c1g5
Richter-Veresov Attack	d2d4 g8f6 b1c3 d7d5 c1g5 c8f5
Richter-Veresov Attack: Boyce Defense	d2d4 g8f6 b1c3 d7d5 c1g5 f6e4
Richter-Veresov Attack: Malich Gambit	d2d4 g8f6 b1c3 d7d5 c1g5 c7c5 g5f6 g7f6 e2e4 d5e4 d4d5
Richter-Veresov Attack: Richter Variation	d2d4 g8f6 b1c3 d7d5 c1g5 c8f5 f2f3
Richter-Veresov Attack: Two Knights System	d2d4 g8f6 b1c3 d7d5 c1g5 b8d7 g1f3
Richter-Veresov Attack: Two Knights System, Grünfeld Defense	d2d4 g8f6 b1c3 d7d5 c1g5 b8d7 g1f3 g7g6
Richter-Veresov Attack: Veresov Variation	d2d4 g8f6 b1c3 d7d5 c1g5 c8f5 g5f6
London System: Poisoned Pawn Variation	d2d4 g8f6 g1f3 d7d5 c1f4 c7c5 e2e3 d8b6 b1c3
Queen's Gambit Declined: Baltic Defense, Pseudo-Slav	d2d4 d7d5 g1f3 c8f5 c2c4 e7e6 b1c3 c7c6
Queen's Pawn Game: Anti-Torre	g1f3 d7d5 d2d4 c8g4
Queen's Pawn Game: Chandler Gambit	d2d4 d7d5 g1f3 c7c5 g2g3 c5d4 f1g2
Queen's Pawn Game: Chigorin Variation	d2d4 d7d5 g1f3 b8c6
Queen's Pawn Game: Krause Variation	d2d4 d7d5 g1f3 c7c5
Queen's Pawn Game: Levitsky Attack, Euwe Variation, Modern Line	d2d4 d7d5 g1f3 c7c6 c1g5 h7h6 g5h4 d8b6
Queen's Pawn Game: London System	d2d4 d7d5 g1f3 g8f6 c1f4
Queen's Pawn Game: London System, Pterodactyl Variation	d2d4 g7g6 g1f3 f8g7 c1f4 c7c5 c2c3 c5d4 c3d4 d8a5
Queen's Pawn Game: Symmetrical Variation	d2d4 d7d5 g1f3 g8f6
Queen's Pawn Game: Symmetrical Variation, Pseudo-Catalan	d2d4 d7d5 g1f3 g8f6 g2g3
Queen's Pawn Game: Zilbermints Countergambit	d2d4 d7d5 g1f3 g8f6 c2c4 b7b5
Queen's Pawn Game: Zukertort Variation	d2d4 d7d5 g1f3
Queen's Pawn Game: Torre Attack	d2d4 d7d5 g1f3 g8f6 c1g5
Queen's Pawn Game: Torre Attack, Gossip Variation	d2d4 d7d5 g1f3 g8f6 c1g5 f6e4
Queen's Pawn Game: Torre Attack, Grünfeld Variation	d2d4 d7d5 g1f3 g8f6 c1g5 g7g6
Queen's Pawn Game: Colle System	d2d4 d7d5 g1f3 g8f6 e2e3
Queen's Pawn Game: Colle System, Anti-Colle	d2d4 d7d5 g1f3 g8f6 e2e3 c8f5
Queen's Pawn Game: Colle System, Grünfeld Formation	d2d4 d7d5 g1f3 g8f6 e2e3 g7g6 f1d3 f8g7
Queen's Pawn Game: Colle System	d2d4 d7d5 g1f3 g8f6 e2e3 e7e6
Queen's Pawn Game: Colle System	d2d4 d7d5 g1f3 g8f6 e2e3 e7e6 f1d3
Queen's Pawn Game: Colle System, Traditional Colle	d2d4 g8f6 g1f3 e7e6 e2e3 c7c5 f1d3 d7d5 c2c3
Queen's Pawn Game: Zukertort Variation	d2d4 d7d5 g1f3 c7c5 e2e3 g8f6 b1d2 e7e6 b2b3
Rubinstein Opening	d2d4 g8f6 g1f3 e7e6 e2e3 c7c5 f1d3 d7d5 b2b3
Rubinstein Opening: Bogoljubov Defense	d2d4 g8f6 g1f3 e7e6 e2e3 c7c5 f1d3 d7d5 b2b3 b8c6 e1g1 f8d6 c1b2 e8g8
Rubinstein Opening: Classical Defense	d2d4 g8f6 g1f3 e7e6 e2e3 c7c5 f1d3 d7d5 b2b3 b8c6 e1g1 f8e7 c1b2 e8g8
Rubinstein Opening: Semi-Slav Defense	d2d4 d7d5 g1f3 g8f6 e2e3 e7e6 f1d3 f8d6 e1g1 e8g8 b2b3 b8d7 c1b2
Queen's Gambit	d2d4 d7d5 c2c4
Queen's Gambit Declined: Austrian Attack, Salvio Countergambit	d2d4 d7d5 c2c4 c7c5 d4c5 d5d4
Queen's Gambit Declined: Austrian Defense	d2d4 d7d5 c2c4 c7c5
Queen's Gambit Declined: Austrian Defense, Gusev Countergambit	d2d4 d7d5 c2c4 c7c5 c4d5 g8f6
Queen's Gambit Declined: Austrian Defense, Haberditz Variation	d2d4 d7d5 c2c4 c7c5 c4d5 g8f6 e2e4 f6e4 d4c5 d8a5
Queen's Gambit Declined: Baltic Defense	d2d4 d7d5 c2c4 c8f5
Queen's Gambit Declined: Baltic Defense, Argentinian Gambit	d2d4 d7d5 c2c4 c8f5 c4d5 f5b1 d1a4 c7c6 d5c6 b8c6
Queen's Gambit Declined: Baltic Defense, Pseudo-Chigorin	d2d4 d7d5 c2c4 c8f5 b1c3 e7e6 g1f3 b8c6
Queen's Gambit Declined: Baltic Defense, Queen Attack	d2d4 d7d5 c2c4 c8f5 d1b3
Queen's Gambit Declined: Baltic Defense, Queen Attack Deferred	d2d4 d7d5 c2c4 c8f5 b1c3 e7e6 d1b3
Queen's Gambit Declined: Marshall Defense	d2d4 d7d5 c2c4 g8f6
Queen's Gambit Declined: Marshall Defense, Tan Gambit	d2d4 d7d5 c2c4 g8f6 c4d5 c7c6
Queen's Gambit Declined: Zilbermints Gambit	d2d4 d7d5 c2c4 b7b5
Queen's Gambit Declined: Chigorin Defense	d2d4 d7d5 c2c4 b8c6
Queen's Gambit Declined: Chigorin Defense	d2d4 d7d5 c2c4 b8c6 b1c3
Queen's Gambit Declined: Chigorin Defense	d2d4 d7d5 c2c4 b8c6 b1c3 d5c4
Queen's Gambit Declined: Chigorin Defense, Exchange Variation	d2d4 d7d5 c2c4 b8c6 c4d5 d8d5
Queen's Gambit Declined: Chigorin Defense, Exchange Variation, Costa's Line	d2d4 d7d5 c2c4 b8c6 c4d5 d8d5 e2e3 e7e5 b1c3 f8b4 c1d2 b4c3 d2c3 e5d4 g1e2
Queen's Gambit Declined: Chigorin Defense, Janowski Variation	d2d4 d7d5 c2c4 b8c6 b1c3 d5c4 g1f3
Queen's Gambit Declined: Chigorin Defense, Lazard Gambit	d2d4 d7d5 c2c4 b8c6 g1f3 e7e5
Queen's Gambit Declined: Chigorin Defense, Main Line	d2d4 d7d5 c2c4 b8c6 g1f3 c8g4
Queen's Gambit Declined: Chigorin Defense, Main Line, Alekhine Variation	d2d4 d7d5 c2c4 b8c6 g1f3 c8g4 d1a4
Queen's Gambit Declined: Chigorin Defense, Modern Gambit	d2d4 d7d5 c2c4 b8c6 b1c3 d5c4 g1f3 g8f6
Queen's Gambit Declined: Chigorin Defense, Tartakower Gambit	d2d4 d7d5 c2c4 b8c6 b1c3 e7e5
Queen's Gambit Declined: Albin Countergambit	d2d4 d7d5 c2c4 e7e5
Queen's Gambit Declined: Albin Countergambit, Balogh Variation	d2d4 d7d5 c2c4 e7e5 d4e5 d5d4 g1f3 b8c6 b1d2 d8e7
Queen's Gambit Declined: Albin Countergambit, Janowski Variation	d2d4 d7d5 c2c4 e7e5 d4e5 d5d4 g1f3 b8c6 b1d2 f7f6
Queen's Gambit Declined: Albin Countergambit, Krenosz Variation	d2d4 d7d5 c2c4 e7e5 d4e5 d5d4 g1f3 b8c6 b1d2 c8g4 h2h3 g4f3 d2f3 f8b4 c1d2 d8e7
Queen's Gambit Declined: Albin Countergambit, Lasker Trap	d2d4 d7d5 c2c4 e7e5 d4e5 d5d4 e2e3 f8b4 c1d2 d4e3
Queen's Gambit Declined: Albin Countergambit, Modern Line	d2d4 d7d5 c2c4 e7e5 d4e5 d5d4 g1f3 b8c6 b1d2
Queen's Gambit Declined: Albin Countergambit, Normal Line	d2d4 d7d5 c2c4 e7e5 d4e5 d5d4 g1f3
Queen's Gambit Declined: Albin Countergambit, Tartakower Defense	d2d4 d7d5 c2c4 e7e5 d4e5 d5d4 g1f3 c7c5
Queen's Gambit Declined: Albin Countergambit, Fianchetto Variation	d2d4 d7d5 c2c4 e7e5 d4e5 d5d4 g1f3 b8c6 g2g3
Queen's Gambit Declined: Albin Countergambit, Fianchetto Variation, Be6 Line	d2d4 d7d5 c2c4 e7e5 d4e5 d5d4 g1f3 b8c6 g2g3 c8e6
Queen's Gambit Declined: Albin Countergambit, Fianchetto Variation, Bf5 Line	d2d4 d7d5 c2c4 e7e5 d4e5 d5d4 g1f3 b8c6 g2g3 c8f5
Queen's Gambit Declined: Albin Countergambit, Fianchetto Variation, Bg4 Line	d2d4 d7d5 c2c4 e7e5 d4e5 d5d4 g1f3 b8c6 g2g3 c8g4
Slav Defense	d2d4 d7d5 c2c4 c7c6
Slav Defense	d2d4 d7d5 c2c4 c7c6 b1c3
Slav Defense	d2d4 d7d5 c2c4 c7c6 b1c3 d5c4
Slav Defense: Diemer Gambit	d2d4 d7d5 c2c4 c7c6 e2e4
Slav Defense: Exchange Variation	d2d4 d7d5 c2c4 c7c6 c4d5
Slav Defense: Exchange Variation, Boor Attack	d2d4 d7d5 c2c4 c7c6 c4d5 c6d5 b1c3 g8f6 f2f3
Slav Defense: Slav Gambit, Alekhine Attack	d2d4 d7d5 c2c4 c7c6 b1c3 d5c4 e2e4
Slav Defense: Winawer Countergambit	d2d4 d7d5 c2c4 c7c6 b1c3 e7e5
Slav Defense: Winawer Countergambit, Anti-Winawer Gambit	d2d4 d7d5 c2c4 c7c6 b1c3 e7e5 e2e4
Slav Defense: Bonet Gambit	d2d4 d7d5 c2c4 c7c6 g1f3 g8f6 c1g5
Slav Defense: Breyer Variation	d2d4 d7d5 c2c4 c7c6 g1f3 g8f6 b1d2
Slav Defense: Modern Line	d2d4 d7d5 c2c4 c7c6 g1f3
Slav Defense: Quiet Variation	d2d4 d7d5 c2c4 c7c6 g1f3 g8f6 e2e3
Slav Defense: Quiet Variation, Pin Defense	d2d4 d7d5 c2c4 c7c6 g1f3 g8f6 e2e3 c8g4
Slav Defense: Quiet Variation, Amsterdam Variation	d2d4 d7d5 c2c4 c7c6 g1f3 g8f6 e2e3 c8f5 c4d5 c6d5 b1c3 e7e6 f3e5 f6d7
Slav Defense: Quiet Variation, Landau Variation	d2d4 d7d5 c2c4 c7c6 g1f3 g8f6 e2e3 c8f5 c4d5 c6d5 d1b3 d8c8 c1d2 e7e6 b1a3
Slav Defense: Quiet Variation, Schallopp Defense	d2d4 d7d5 c2c4 c7c6 g1f3 g8f6 e2e3 c8f5
Slav Defense: Exchange Variation	d2d4 d7d5 c2c4 c7c6 g1f3 g8f6 c4d5 c6d5
Slav Defense: Exchange Variation, Schallopp Variation	d2d4 d7d5 c2c4 c7c6 g1f3 g8f6 e2e3 c8f5 c4d5 c6d5 b1c3
Slav Defense: Exchange Variation, Symmetrical Line	d2d4 d7d5 c2c4 c7c6 c4d5 c6d5 b1c3 g8f6 g1f3 b8c6 c1f4 c8f5
Slav Defense: Exchange Variation, Trifunovic Variation	d2d4 d7d5 c2c4 c7c6 g1f3 g8f6 c4d5 c6d5 b1c3 b8c6 c1f4 c8f5 e2e3 e7e6 d1b3 f8b4
Slav Defense: Alekhine Variation	d2d4 d7d5 c2c4 c7c6 g1f3 g8f6 b1c3 d5c4 e2e3
Slav Defense: Chameleon Variation	d2d4 d7d5 c2c4 c7c6 g1f3 g8f6 b1c3 a7a6
Slav Defense: Chameleon Variation, Advance System	d2d4 d7d5 c2c4 c7c6 g1f3 g8f6 b1c3 a7a6 c4c5
Slav Defense: Geller Gambit	d2d4 d7d5 c2c4 c7c6 g1f3 g8f6 b1c3 d5c4 e2e4
Slav Defense: Geller Gambit	d2d4 d7d5 c2c4 c7c6 g1f3 g8f6 b1c3 d5c4 e2e4 b7b5 e4e5
Slav Defense: Schlechter Variation	d2d4 d7d5 c2c4 c7c6 g1f3 g8f6 b1c3 g7g6
Slav Defense: Süchting Variation	d2d4 d7d5 c2c4 c7c6 g1f3 g8f6 b1c3 d8b6
Slav Defense: Three Knights Variation	d2d4 d7d5 c2c4 c7c6 g1f3 g8f6 b1c3
Slav Defense: Two Knights Attack	d2d4 d7d5 c2c4 c7c6 g1f3 g8f6 b1c3 d5c4
Slav Defense: Alapin Variation	d2d4 d7d5 c2c4 c7c6 g1f3 g8f6 b1c3 d5c4 a2a4
Slav Defense: Smyslov Variation	d2d4 d7d5 c2c4 c7c6 g1f3 g8f6 b1c3 d5c4 a2a4 b8a6
Slav Defense: Soultanbeieff Variation	d2d4 d7d5 c2c4 c7c6 g1f3 g8f6 b1c3 d5c4 a2a4 e7e6
Slav Defense: Steiner Variation	d2d4 d7d5 c2c4 c7c6 g1f3 g8f6 b1c3 d5c4 a2a4 c8g4
Slav Defense: Czech Variation	d2d4 d7d5 c2c4 c7c6 g1f3 g8f6 b1c3 d5c4 a2a4 c8f5
Slav Defense: Czech Variation, Bled Attack	d2d4 d7d5 c2c4 c7c6 g1f3 g8f6 b1c3 d5c4 a2a4 c8f5 f3h4
Slav Defense: Czech Variation, Carlsbad Variation	d2d4 d7d5 c2c4 c7c6 g1f3 g8f6 b1c3 d5c4 a2a4 c8f5 f3e5 b8d7 e5c4 d8c7 g2g3 e7e5
Slav Defense: Czech Variation, Carlsbad Variation, Morozevich Variation	d2d4 d7d5 c2c4 c7c6 g1f3 g8f6 b1c3 d5c4 a2a4 c8f5 f3e5 b8d7 e5c4 d8c7 g2g3 e7e5 d4e5 d7e5 c1f4 f6d7 f1g2 g7g5
Slav Defense: Czech Variation, Krause Attack	d2d4 d7d5 c2c4 c7c6 g1f3 g8f6 b1c3 d5c4 a2a4 c8f5 f3e5
Slav Defense: Czech Variation, Krause Attack, Fazekas Gambit	d2d4 d7d5 c2c4 c7c6 g1f3 g8f6 b1c3 d5c4 a2a4 c8f5 f3e5 b8a6 e2e4
Slav Defense: Czech Variation, Wiesbaden Variation	d2d4 d7d5 c2c4 c7c6 g1f3 g8f6 b1c3 d5c4 a2a4 c8f5 f3e5 e7e6
Slav Defense: Czech Variation, Wiesbaden Variation, Sharp Line	d2d4 d7d5 c2c4 c7c6 g1f3 g8f6 b1c3 d5c4 a2a4 c8f5 f3e5 e7e6 f2f3 f8b4 e2e4
Slav Defense: Czech Variation, Classical System	d2d4 d7d5 c2c4 c7c6 g1f3 g8f6 b1c3 d5c4 a2a4 c8f5 e2e3
Slav Defense: Czech Variation, Lasker Variation	d2d4 d7d5 c2c4 c7c6 g1f3 g8f6 b1c3 d5c4 a2a4 c8f5 e2e3 b8a6
Slav Defense: Czech Variation, Classical System, Main Line	d2d4 d7d5 c2c4 c7c6 g1f3 g8f6 b1c3 d5c4 a2a4 c8f5 e2e3 e7e6 f1c4 f8b4 e1g1 e8g8 d1e2
Slav Defense: Czech Variation, Dutch Variation	d2d4 d7d5 c2c4 c7c6 g1f3 g8f6 b1c3 d5c4 a2a4 c8f5 e2e3 e7e6 f1c4 f8b4 e1g1
Slav Defense: Czech Variation, Dutch Variation, Sämisch Variation	d2d4 d7d5 c2c4 c7c6 g1f3 g8f6 b1c3 d5c4 a2a4 c8f5 e2e3 e7e6 f1c4 f8b4 e1g1 e8g8 d1e2 f6e4 g2g4
Queen's Gambit Accepted	d2d4 d7d5 c2c4 d5c4
Queen's Gambit Accepted: Accelerated Mannheim Variation	d2d4 d7d5 c2c4 d5c4 d1a4
Queen's Gambit Accepted: Central Variation, Alekhine System	d2d4 d7d5 c2c4 d5c4 e2e4 g8f6
Queen's Gambit Accepted: Central Variation, Greco Variation	d2d4 d7d5 c2c4 d5c4 e2e4 b7b5
Queen's Gambit Accepted: Central Variation, McDonnell Defense	d2d4 d7d5 c2c4 d5c4 e2e4 e7e5
Queen's Gambit Accepted: Central Variation, McDonnell Defense, Somov Gambit	d2d4 d7d5 c2c4 d5c4 e2e4 e7e5 f1c4
Queen's Gambit Accepted: Central Variation, Modern Defense	d2d4 d7d5 c2c4 d5c4 e2e4 b8c6
Queen's Gambit Accepted: Central Variation, Rubinstein Defense	d2d4 d7d5 c2c4 d5c4 e2e4 c7c5
Queen's Gambit Accepted: Central Variation, Rubinstein Defense, Yefimov Gambit	d2d4 d7d5 c2c4 d5c4 e2e4 c7c5 d4d5 b7b5
Queen's Gambit Accepted: Linares Variation	d2d4 d7d5 c2c4 d5c4 e2e4 c7c5 d4d5 g8f6 b1c3 b7b5
Queen's Gambit Accepted: Old Variation	d2d4 d7d5 c2c4 d5c4 e2e3
Queen's Gambit Accepted: Old Variation, Billinger Gambit	d2d4 d7d5 c2c4 d5c4 e2e3 e7e5 f1c4 e5d4 d1b3 d8e7 a2a3
Queen's Gambit Accepted: Old Variation, Christensen Gambit	d2d4 d7d5 c2c4 d5c4 e2e3 e7e5 f1c4 e5d4 d1b3 d8e7 g1f3
Queen's Gambit Accepted: Old Variation, Korchnoi Gambit	d2d4 d7d5 c2c4 d5c4 e2e3 e7e5 f1c4 e5d4 d1b3 d8e7 e1f1
Queen's Gambit Accepted: Old Variation, Novikov Gambit	d2d4 d7d5 c2c4 d5c4 e2e3 e7e5 f1c4 e5d4 d1b3 d8e7 b1d2
Queen's Gambit Accepted: Saduleto Variation	d2d4 d7d5 c2c4 d5c4 e2e4
Queen's Gambit Accepted: Schwartz Defense	d2d4 d7d5 c2c4 d5c4 e2e4 f7f5
Queen's Gambit Accepted: Alekhine Defense, Borisenko-Furman Variation	d2d4 d7d5 c2c4 d5c4 g1f3 a7a6 e2e4
Queen's Gambit Accepted: Godes Variation	d2d4 d7d5 c2c4 d5c4 g1f3 b8d7
Queen's Gambit Accepted: Gunsberg Defense	d2d4 d7d5 c2c4 d5c4 g1f3 c7c5
Queen's Gambit Accepted: Normal Variation	d2d4 d7d5 c2c4 d5c4 g1f3
Queen's Gambit Accepted: Rosenthal Variation	d2d4 d7d5 c2c4 d5c4 g1f3 e7e6
Queen's Gambit Accepted: Slav Gambit	d2d4 d7d5 c2c4 d5c4 g1f3 b7b5
Queen's Gambit Accepted: Alekhine Defense	d2d4 d7d5 c2c4 d5c4 g1f3 a7a6
Queen's Gambit Accepted: Alekhine Defense, Alatortsev Variation	d2d4 d7d5 c2c4 d5c4 g1f3 a7a6 e2e3 c8g4 f1c4 e7e6 d4d5
Queen's Gambit Accepted: Alekhine Defense, Haberditz Variation	d2d4 d7d5 c2c4 d5c4 g1f3 a7a6 e2e3 b7b5
Queen's Gambit Accepted	d2d4 d7d5 c2c4 d5c4 g1f3 g8f6
Queen's Gambit Accepted: Mannheim Variation	d2d4 d7d5 c2c4 d5c4 g1f3 g8f6 d1a4
Queen's Gambit Accepted: Bogoljubov Defense	d2d4 d7d5 c2c4 d5c4 g1f3 g8f6 b1c3 a7a6 e2e4
Queen's Gambit Accepted: Gunsberg Defense, Prianishenmo Gambit	d2d4 d7d5 c2c4 d5c4 g1f3 g8f6 b1c3 c7c5 d4d5 e7e6 e2e4 e6d5 e4e5
Queen's Gambit Accepted: Showalter Variation	d2d4 d7d5 c2c4 d5c4 g1f3 g8f6 b1c3
Queen's Gambit Accepted: Janowski-Larsen Variation	d2d4 d7d5 c2c4 d5c4 g1f3 g8f6 e2e3 c8g4
Queen's Gambit Accepted: Normal Variation	d2d4 d7d5 c2c4 d5c4 g1f3 g8f6 e2e3
Queen's Gambit Accepted: Smyslov Variation	d2d4 d7d5 c2c4 d5c4 g1f3 g8f6 e2e3 g7g6
Queen's Gambit Accepted: Winawer Defense	d2d4 d7d5 c2c4 d5c4 g1f3 g8f6 e2e3 c8e6
Queen's Gambit Accepted: Classical Defense	d2d4 d7d5 c2c4 d5c4 g1f3 g8f6 e2e3 e7e6 f1c4 c7c5
Queen's Gambit Accepted: Classical Defense, Normal Line	d2d4 d7d5 c2c4 d5c4 g1f3 g8f6 e2e3 e7e6 f1c4 c7c5 e1g1
Queen's Gambit Accepted: Classical Defense, Steinitz Variation, Development Variation	d2d4 d7d5 c2c4 d5c4 g1f3 g8f6 e2e3 e7e6 f1c4 c7c5 e1g1 b8c6
Queen's Gambit Accepted: Classical Defense, Steinitz Variation, Exchange Variation	d2d4 d7d5 c2c4 d5c4 g1f3 g8f6 e2e3 e7e6 f1c4 c7c5 e1g1 c5d4
Queen's Gambit Accepted: Classical, Furman Variation	d2d4 d7d5 c2c4 d5c4 g1f3 g8f6 e2e3 e7e6 f1c4 c7c5 d1e2 a7a6 d4c5 f8c5 e1g1 b8c6 e3e4 b7b5 e4e5
Queen's Gambit Accepted: Normal Variation, Traditional System	d2d4 d7d5 c2c4 d5c4 g1f3 g8f6 e2e3 e7e6
Queen's Gambit Accepted: Classical Defense, Main Line	d2d4 d7d5 c2c4 d5c4 g1f3 g8f6 e2e3 e7e6 f1c4 c7c5 e1g1 a7a6
Queen's Gambit Accepted: Classical Defense, Rubinstein Variation	d2d4 d7d5 c2c4 d5c4 g1f3 g8f6 e2e3 e7e6 f1c4 c7c5 e1g1 a7a6 a2a4
Queen's Gambit Accepted: Classical Defense, Russian Gambit	d2d4 d7d5 c2c4 d5c4 e2e3 g8f6 f1c4 e7e6 g1f3 c7c5 e1g1 a7a6 e3e4
Queen's Gambit Accepted: Furman Variation	d2d4 d7d5 c2c4 d5c4 g1f3 g8f6 e2e3 e7e6 f1c4 c7c5 e1g1 a7a6 d4c5 f8c5
Queen's Gambit Accepted: Classical Defense, Alekhine System	d2d4 d7d5 c2c4 d5c4 g1f3 g8f6 e2e3 e7e6 f1c4 c7c5 e1g1 a7a6 d1e2
Queen's Gambit Accepted: Classical Defense, Alekhine System	d2d4 d7d5 c2c4 d5c4 g1f3 g8f6 e2e3 e7e6 f1c4 c7c5 e1g1 a7a6 d1e2 b7b5
Queen's Gambit Accepted: Classical, Flohr Variation	d2d4 d7d5 c2c4 d5c4 g1f3 g8f6 e2e3 e7e6 f1c4 c7c5 e1g1 a7a6 d1e2 b7b5 c4b3 b8c6 f1d1 c5c4 b3c2 c6b4 b1c3 b4c2 e2c2 c8b7 d4d5 d8c7
Queen's Gambit Accepted: Classical Defense, Alekhine System, Main Line	d2d4 d7d5 c2c4 d5c4 g1f3 g8f6 e2e3 e7e6 f1c4 c7c5 e1g1 a7a6 d1e2 b7b5 c4b3 c8b7
Queen's Gambit Accepted: Classical Defense, Alekhine System, Smyslov Variation	d2d4 d7d5 c2c4 d5c4 g1f3 g8f6 e2e3 e7e6 f1c4 c7c5 e1g1 a7a6 d1e2 b7b5 c4b3 c8b7 f1d1 b8d7 b1c3 f8d6
Queen's Gambit Declined	d2d4 d7d5 c2c4 e7e6
Queen's Gambit Declined: Capablanca Variation	d2d4 g8f6 c2c4 e7e6 g1f3 d7d5 c1g5 h7h6
Queen's Gambit Declined: Capablanca Variation	d2d4 g8f6 g1f3 e7e6 c2c4 d7d5 c1g5 c7c6 b1d2 b8d7 e2e3
Queen's Gambit Declined: Semmering Variation	d2d4 d7d5 c2c4 c7c6 g1f3 g8f6 e2e3 e7e6 b1d2 b8d7 f1d3 c6c5
Queen's Gambit Declined: Spielmann Variation	d2d4 d7d5 c2c4 e7e6 g1f3 g8f6 e2e3 c7c6 b1d2 g7g6
Queen's Gambit Declined: Stonewall Variation	d2d4 d7d5 c2c4 c7c6 g1f3 g8f6 e2e3 e7e6 b1d2 f6e4 f1d3 f7f5
Queen's Gambit Declined: Tarrasch Defense, Pseudo-Tarrasch	d2d4 d7d5 c2c4 e7e6 g1f3 c7c5
Queen's Gambit Declined: Tarrasch Defense, Pseudo-Tarrasch Bishop Attack	d2d4 d7d5 c2c4 e7e6 g1f3 c7c5 c4d5 e6d5 c1g5
Queen's Gambit Declined: Traditional Variation	d2d4 g8f6 c2c4 e7e6 g1f3 d7d5 c1g5
Queen's Gambit Declined: Vienna Variation	d2d4 g8f6 c2c4 e7e6 g1f3 d7d5 c1g5 f8b4
Semi-Slav Defense: Quiet Variation	d2d4 d7d5 c2c4 c7c6 g1f3 g8f6 e2e3 e7e6 b1d2
Semi-Slav Defense: Quiet Variation	d2d4 d7d5 c2c4 c7c6 g1f3 g8f6 e2e3 e7e6 b1d2 b8d7
Queen's Gambit Declined: Alapin Variation	d2d4 e7e6 c2c4 b7b6 b1c3 d7d5
Queen's Gambit Declined: Charousek Variation	d2d4 d7d5 c2c4 e7e6 b1c3 f8e7
Queen's Gambit Declined: Charousek Variation, Miladinovic Gambit	d2d4 d7d5 c2c4 e7e6 b1c3 f8e7 e2e4 d5e4 f2f3
Queen's Gambit Declined: Janowski Variation	d2d4 d7d5 c2c4 e7e6 b1c3 a7a6
Queen's Gambit Declined: Queen's Knight Variation	d2d4 d7d5 c2c4 e7e6 b1c3
Queen's Gambit Declined: Semi-Slav, Abrahams Variation	d2d4 d7d5 c2c4 e7e6 b1c3 c7c6 g1f3 d5c4 a2a4 f8b4 e2e3 b7b5 c1d2 a7a5
Queen's Gambit Declined: Semi-Slav, Junge Variation	d2d4 d7d5 c2c4 e7e6 g1f3 c7c6 b1c3 d5c4 a2a4 f8b4 e2e3 b7b5 c1d2 d8b6
Queen's Gambit Declined: Semi-Slav, Koomen Variation	d2d4 d7d5 c2c4 e7e6 b1c3 c7c6 g1f3 d5c4 e2e3 b7b5 a2a4 f8b4 c1d2 d8e7
Queen's Gambit Declined: Uhlmann Variation	d2d4 d7d5 c2c4 e7e6 b1c3 f8e7 g1f3 g8f6 c1g5 h7h6 g5h4 e8g8 a1c1 d5c4
Semi-Slav Defense: Accelerated Move Order	d2d4 d7d5 c2c4 e7e6 b1c3 c7c6
Semi-Slav Defense: Anti-Noteboom, Stonewall Variation, Portisch Gambit	d2d4 d7d5 c2c4 e7e6 b1c3 c7c6 e2e3 f7f5 g2g4
Semi-Slav Defense: Gunderam Gambit	d2d4 d7d5 c2c4 e7e6 b1c3 c7c6 e2e4 d5e4 f2f3
Semi-Slav Defense: Marshall Gambit	d2d4 d7d5 c2c4 e7e6 b1c3 c7c6 e2e4
Semi-Slav Defense: Marshall Gambit, Forgotten Variation	d2d4 d7d5 c2c4 e7e6 b1c3 c7c6 e2e4 d5e4 c3e4 f8b4 e4c3
Semi-Slav Defense: Marshall Gambit, Main Line	d2d4 d7d5 c2c4 e7e6 b1c3 c7c6 e2e4 d5e4 c3e4 f8b4 c1d2
Semi-Slav Defense: Marshall Gambit, Tolush Variation	d2d4 d7d5 c2c4 e7e6 b1c3 c7c6 e2e4 d5e4 c3e4 f8b4 c1d2 d8d4 d2b4 d4e4 f1e2 c6c5 b4c5 e4g2
Semi-Slav Defense: Noteboom Variation	d2d4 d7d5 c2c4 e7e6 b1c3 c7c6 g1f3 d5c4
Semi-Slav Defense: Noteboom Variation, Abrahams Variation	d2d4 d7d5 c2c4 e7e6 b1c3 c7c6 g1f3 d5c4 a2a4 f8b4 e2e3 b4c3 b2c3 b7b5 a4b5 c6b5
Semi-Slav Defense: Noteboom Variation, Anti-Noteboom Gambit	d2d4 d7d5 c2c4 e7e6 b1c3 c7c6 g1f3 d5c4 g2g3
Semi-Slav Defense: Noteboom Variation, Anti-Noteboom Variation	d2d4 d7d5 c2c4 e7e6 b1c3 c7c6 g1f3 d5c4 c1g5
Semi-Slav Defense: Noteboom Variation, Anti-Noteboom Variation, Belyavsky Line	d2d4 d7d5 c2c4 e7e6 b1c3 c7c6 g1f3 d5c4 c1g5 f7f6
Queen's Gambit Declined: Tarrasch Defense	d2d4 d7d5 c2c4 e7e6 b1c3 c7c5 c4d5 e6d5
Tarrasch Defense	d2d4 d7d5 c2c4 e7e6 b1c3 c7c5
Tarrasch Defense: Grünfeld Gambit	d2d4 d7d5 c2c4 e7e6 b1c3 c7c5 c4d5 e6d5 g1f3 b8c6 d4c5 d5d4 c3a4 b7b5
Tarrasch Defense: Marshall Gambit	d2d4 d7d5 c2c4 e7e6 b1c3 c7c5 c4d5 e6d5 e2e4
Tarrasch Defense: Schara Gambit	d2d4 d7d5 c2c4 e7e6 b1c3 c7c5 c4d5 c5d4
Tarrasch Defense: Symmetrical Variation	d2d4 d7d5 c2c4 e7e6 b1c3 c7c5 e2e3 g8f6 g1f3 b8c6
Tarrasch Defense: Tarrasch Gambit	d2d4 d7d5 c2c4 e7e6 b1c3 c7c5 c4d5 e6d5 d4c5 d5d4 c3a4 b7b5
Tarrasch Defense: Two Knights Variation	d2d4 d7d5 c2c4 e7e6 b1c3 c7c5 c4d5 e6d5 g1f3
Tarrasch Defense: von Hennig Gambit	d2d4 d7d5 c2c4 e7e6 b1c3 c7c5 c4d5 c5d4 d1d4 b8c6 d4d1 e6d5 d1d5 c8e6
Tarrasch Defense: Dubov Tarrasch	d2d4 d7d5 c2c4 e7e6 b1c3 c7c5 c4d5 e6d5 g1f3 b8c6 g2g3 g8f6 f1g2 c5d4 f3d4 f8c5
Tarrasch Defense: Prague Variation	d2d4 d7d5 c2c4 e7e6 b1c3 c7c5 c4d5 e6d5 g1f3 b8c6 g2g3 g8f6
Tarrasch Defense: Rubinstein System	d2d4 d7d5 c2c4 e7e6 b1c3 c7c5 c4d5 e6d5 g1f3 b8c6 g2g3
Tarrasch Defense: Swedish Variation	d2d4 d7d5 c2c4 e7e6 b1c3 c7c5 c4d5 e6d5 g1f3 b8c6 g2g3 c5c4
Tarrasch Defense: Swedish Variation, Central Break	d2d4 d7d5 c2c4 e7e6 b1c3 c7c5 c4d5 e6d5 g1f3 b8c6 g2g3 c5c4 e2e4
Tarrasch Defense: Wagner Variation	d2d4 d7d5 c2c4 e7e6 b1c3 c7c5 c4d5 e6d5 g1f3 b8c6 g2g3 g8f6 f1g2 c8g4
Queen's Gambit Declined: Tarrasch Defense, Stoltz Variation	d2d4 d7d5 c2c4 e7e6 g1f3 c7c5 c4d5 e6d5 g2g3 b8c6 f1g2 g8f6 e1g1 f8e7 b1c3 e8g8 c1g5 c8e6 a1c1 b7b6
Tarrasch Defense: Classical Variation	d2d4 d7d5 c2c4 e7e6 b1c3 c7c5 c4d5 e6d5 g1f3 b8c6 g2g3 g8f6 f1g2 f8e7 e1g1 e8g8
Tarrasch Defense: Classical Variation, Advance Variation	d2d4 d7d5 c2c4 e7e6 b1c3 c7c5 c4d5 e6d5 g1f3 b8c6 g2g3 g8f6 f1g2 f8e7 e1g1 e8g8 c1g5 c5c4
Tarrasch Defense: Classical Variation, Bogoljubov Variation	d2d4 g8f6 c2c4 e7e6 b1c3 c7c5 g1f3 d7d5 c4d5 e6d5 g2g3 b8c6 f1g2 f8e7 e1g1 e8g8 c1g5 c8e6 a1c1 c5c4
Tarrasch Defense: Classical Variation, Carlsbad Variation	d2d4 d7d5 c2c4 e7e6 b1c3 c7c5 c4d5 e6d5 g1f3 b8c6 g2g3 g8f6 f1g2 f8e7 e1g1 e8g8 c1g5
Tarrasch Defense: Classical Variation, Chandler Variation	d2d4 d7d5 c2c4 e7e6 b1c3 c7c5 c4d5 e6d5 g1f3 b8c6 g2g3 g8f6 f1g2 f8e7 e1g1 e8g8 c1g5 c5d4 f3d4 h7h6 g5e3 f8e8 a1c1 c8e6
Tarrasch Defense: Classical Variation, Classical Tarrasch Gambit	d2d4 d7d5 c2c4 e7e6 b1c3 c7c5 c4d5 e6d5 g1f3 b8c6 g2g3 g8f6 f1g2 f8e7 e1g1 e8g8 d4c5 d5d4
Tarrasch Defense: Classical Variation, Endgame Variation	d2d4 d7d5 c2c4 e7e6 b1c3 c7c5 c4d5 e6d5 g1f3 b8c6 g2g3 g8f6 f1g2 f8e7 e1g1 e8g8 c1g5 c8e6
Tarrasch Defense: Classical Variation, Main Line	d2d4 d7d5 c2c4 e7e6 b1c3 c7c5 c4d5 e6d5 g1f3 b8c6 g2g3 g8f6 f1g2 f8e7 e1g1 e8g8 c1g5 c5d4 f3d4 h7h6 g5e3 f8e8
Tarrasch Defense: Classical Variation, Petursson Variation	d2d4 d7d5 c2c4 e7e6 b1c3 c7c5 c4d5 e6d5 g1f3 b8c6 g2g3 g8f6 f1g2 f8e7 e1g1 e8g8 c1g5 c5d4 f3d4 f8e8
Tarrasch Defense: Classical Variation, Réti Variation	d2d4 d7d5 c2c4 e7e6 b1c3 c7c5 c4d5 e6d5 g1f3 b8c6 g2g3 g8f6 f1g2 f8e7 e1g1 e8g8 d4c5 e7c5 c3a4
Tarrasch Defense: Classical Variation, Spassky Variation	d2d4 d7d5 c2c4 e7e6 b1c3 c7c5 c4d5 e6d5 g1f3 b8c6 g2g3 g8f6 f1g2 f8e7 e1g1 e8g8 c1g5 c5d4 f3d4 h7h6 g5e3 c8g4
Tarrasch Defense: Prague Variation, Main Line	d2d4 d7d5 c2c4 e7e6 b1c3 c7c5 c4d5 e6d5 g1f3 b8c6 g2g3 g8f6 f1g2 f8e7
Queen's Gambit Declined: Exchange Variation	d2d4 g8f6 c2c4 e7e6 b1c3 d7d5 c4d5
Queen's Gambit Declined: Exchange Variation, Chameleon Variation	d2d4 g8f6 c2c4 e7e6 b1c3 d7d5 c4d5 e6d5 c1g5 f8e7 e2e3 e8g8 f1d3 b8d7 d1c2 f8e8 g1e2 d7f8 e1c1
Queen's Gambit Declined: Exchange Variation, Positional Variation	d2d4 g8f6 c2c4 e7e6 b1c3 d7d5 c4d5 e6d5 c1g5
Queen's Gambit Declined: Exchange Variation, Positional Variation	d2d4 g8f6 c2c4 e7e6 b1c3 d7d5 c4d5 e6d5 c1g5 c7c6
Queen's Gambit Declined: Exchange Variation, Sämisch Variation	d2d4 g8f6 c2c4 e7e6 g1f3 d7d5 b1c3 b8d7 c4d5 e6d5 c1f4
Queen's Gambit Declined: Harrwitz Attack	d2d4 d7d5 c2c4 e7e6 b1c3 g8f6 c1f4
Queen's Gambit Declined: Normal Defense	d2d4 d7d5 c2c4 e7e6 b1c3 g8f6
Queen's Gambit Declined: Exchange Variation, Reshevsky Variation	d2d4 g8f6 c2c4 e7e6 b1c3 d7d5 c4d5 e6d5 c1g5 c7c6 d1c2
Queen's Gambit Declined: Barmen Variation	d2d4 g8f6 c2c4 e7e6 g1f3 d7d5 b1c3 b8d7
Queen's Gambit Declined: Harrwitz Attack	d2d4 g8f6 c2c4 e7e6 g1f3 d7d5 b1c3 f8e7 c1f4
Queen's Gambit Declined: Harrwitz Attack	d2d4 g8f6 c2c4 e7e6 g1f3 d7d5 b1c3 f8e7 c1f4 e8g8 e2e3 c7c5 d4c5 e7c5 d1c2 b8c6 a1d1 d8a5 a2a3
Queen's Gambit Declined: Harrwitz Attack	d2d4 g8f6 c2c4 e7e6 g1f3 d7d5 b1c3 f8e7 c1f4 e8g8 e2e3 c7c5 d4c5 e7c5 d1c2 b8c6 a2a3 d8a5 e1c1
Queen's Gambit Declined: Harrwitz Attack, Fianchetto Defense	d2d4 d7d5 c2c4 e7e6 b1c3 f8e7 g1f3 g8f6 c1f4 e8g8 e2e3 b7b6
Queen's Gambit Declined: Harrwitz Attack, Main Line	d2d4 g8f6 c2c4 e7e6 g1f3 d7d5 b1c3 f8e7 c1f4 e8g8 e2e3 c7c5 d4c5 e7c5
Queen's Gambit Declined: Harrwitz Attack, Orthodox Defense	d2d4 d7d5 c2c4 e7e6 b1c3 g8f6 g1f3 f8e7 c1f4 e8g8 e2e3 c7c6
Queen's Gambit Declined: Harrwitz Attack, Two Knights Defense	d2d4 g8f6 c2c4 e7e6 g1f3 d7d5 b1c3 f8e7 c1f4 e8g8 e2e3 b8d7
Queen's Gambit Declined: Harrwitz Attack, Two Knights Defense, Blockade Line	d2d4 g8f6 c2c4 e7e6 b1c3 d7d5 g1f3 f8e7 c1f4 e8g8 e2e3 b8d7 c4c5
Queen's Gambit Declined: Knight Defense, Alekhine Gambit	d2d4 g8f6 c2c4 e7e6 g1f3 d7d5 b1c3 b8d7 c1g5 h7h6 g5h4 d5c4
Queen's Gambit Declined: Miles Variation	d2d4 g8f6 c2c4 e7e6 g1f3 d7d5 b1c3 f8e7 c1g5 e8g8 d1c2
Queen's Gambit Declined: Three Knights Variation	d2d4 g8f6 c2c4 e7e6 g1f3 d7d5 b1c3
Queen's Gambit Declined: Three Knights, Vienna Variation	d2d4 g8f6 c2c4 e7e6 g1f3 d7d5 b1c3 d5c4
Queen's Gambit Declined: Vienna Variation, Quiet Variation	d2d4 g8f6 c2c4 e7e6 g1f3 d7d5 b1c3 d5c4 e2e3
Queen's Gambit Declined: Ragozin Defense	d2d4 g8f6 c2c4 e7e6 g1f3 d7d5 b1c3 f8b4
Queen's Gambit Declined: Ragozin Defense, Alekhine Variation	d2d4 g8f6 c2c4 e7e6 g1f3 d7d5 b1c3 f8b4 d1a4
Queen's Gambit Declined: Westphalian Variation	d2d4 g8f6 c2c4 e7e6 g1f3 d7d5 b1c3 f8b4 c1g5 b8d7 e2e3 c7c5
Queen's Gambit Declined: Ragozin Defense, Vienna Variation	d2d4 g8f6 c2c4 e7e6 g1f3 d7d5 b1c3 f8b4 c1g5 d5c4
Queen's Gambit Declined: Semi-Tarrasch Defense	d2d4 g8f6 c2c4 e7e6 g1f3 d7d5 b1c3 c7c5
Queen's Gambit Declined: Semi-Tarrasch Defense, Levenfish Variation	d2d4 d7d5 c2c4 e7e6 b1c3 g8f6 g1f3 c7c5 e2e3 b8c6 f1d3 f8d6 e1g1 e8g8 d1e2 d8e7 d4c5 d6c5 e3e4
Queen's Gambit Declined: Semi-Tarrasch Defense, Pillsbury Variation	d2d4 d7d5 c2c4 e7e6 b1c3 g8f6 g1f3 c7c5 c1g5
Queen's Gambit Declined: Semi-Tarrasch Defense, Symmetrical Variation	d2d4 d7d5 c2c4 e7e6 b1c3 g8f6 g1f3 c7c5 e2e3 b8c6 f1d3 f8d6 e1g1 e8g8
Queen's Gambit Declined: Semi-Tarrasch Defense	d2d4 g8f6 c2c4 e7e6 g1f3 d7d5 b1c3 c7c5 c4d5
Queen's Gambit Declined: Semi-Tarrasch Defense, Exchange Variation	d2d4 g8f6 c2c4 e7e6 g1f3 d7d5 b1c3 c7c5 c4d5 f6d5 e2e4
Queen's Gambit Declined: Semi-Tarrasch Defense, Kmoch Variation	d2d4 d7d5 c2c4 e7e6 b1c3 g8f6 g1f3 c7c5 c4d5 f6d5 e2e4 d5c3 b2c3 c5d4 c3d4 f8b4 c1d2 b4d2 d1d2 e8g8 f1b5
Queen's Gambit Declined: Semi-Tarrasch Defense, Pillsbury Variation	d2d4 g8f6 c2c4 e7e6 g1f3 d7d5 b1c3 c7c5 c4d5 f6d5 e2e3
Queen's Gambit Declined: Semi-Tarrasch Defense, San Sebastian Variation	d2d4 d7d5 c2c4 e7e6 b1c3 g8f6 c4d5 f6d5 e2e4 d5c3 b2c3 c7c5 g1f3 c5d4 c3d4 f8b4 c1d2 d8a5
Queen's Gambit Declined: Semi-Tarrasch Defense, Main Line	d2d4 g8f6 c2c4 e7e6 g1f3 d7d5 b1c3 c7c5 c4d5 f6d5 e2e3 b8c6 f1d3
Queen's Gambit Declined: Hastings Variation	d2d4 d7d5 c2c4 c7c6 g1f3 g8f6 b1c3 e7e6 c1g5 h7h6 g5f6 d8f6 d1b3
Semi-Slav Defense	d2d4 d7d5 c2c4 c7c6 g1f3 g8f6 b1c3 e7e6
Semi-Slav Defense: Anti-Moscow Gambit	d2d4 d7d5 c2c4 c7c6 g1f3 g8f6 b1c3 e7e6 c1g5 h7h6 g5h4
Semi-Slav Defense Accepted	d2d4 d7d5 c2c4 c7c6 g1f3 g8f6 b1c3 e7e6 c1g5 d5c4
Semi-Slav Defense: Botvinnik Variation	d2d4 d7d5 c2c4 c7c6 g1f3 g8f6 b1c3 e7e6 c1g5 d5c4 e2e4
Semi-Slav Defense: Botvinnik Variation	d2d4 d7d5 c2c4 c7c6 g1f3 g8f6 b1c3 e7e6 c1g5 d5c4 e2e4 b7b5 e4e5 h7h6 g5h4 g7g5 f3g5
Semi-Slav Defense: Botvinnik Variation, Alatortsev System	d2d4 g8f6 c2c4 e7e6 g1f3 d7d5 b1c3 c7c6 c1g5 d5c4 e2e4 b7b5 e4e5 h7h6 g5h4 g7g5 f3g5 f6d5
Semi-Slav Defense: Botvinnik Variation, Ekstrom Variation	d2d4 d7d5 c2c4 c7c6 g1f3 g8f6 b1c3 e7e6 c1g5 d5c4 e2e4 b7b5 e4e5 h7h6 g5h4 g7g5 e5f6 g5h4 f3e5
Semi-Slav Defense: Botvinnik Variation, Lilienthal Variation	d2d4 d7d5 c2c4 c7c6 g1f3 g8f6 b1c3 e7e6 c1g5 d5c4 e2e4 b7b5 e4e5 h7h6 g5h4 g7g5 f3g5 h6g5 h4g5 b8d7 g2g3
Semi-Slav Defense: Botvinnik Variation, Szabo Variation	d2d4 g8f6 c2c4 e7e6 g1f3 d7d5 b1c3 c7c6 c1g5 d5c4 e2e4 b7b5 e4e5 h7h6 g5h4 g7g5 f3g5 h6g5 h4g5 b8d7 d1f3
Semi-Slav Defense: Accelerated Meran Variation	d2d4 d7d5 c2c4 c7c6 b1c3 g8f6 e2e3 e7e6 g1f3 a7a6
Semi-Slav Defense: Main Line	d2d4 d7d5 c2c4 c7c6 b1c3 g8f6 e2e3 e7e6 g1f3
Semi-Slav Defense: Normal Variation	d2d4 d7d5 c2c4 c7c6 b1c3 g8f6 e2e3 e7e6 g1f3 b8d7
Semi-Slav Defense: Rubinstein System	d2d4 d7d5 c2c4 e7e6 b1c3 c7c6 g1f3 g8f6 e2e3 b8d7 f3e5
Semi-Slav Defense: Stoltz Variation	d2d4 d7d5 c2c4 c7c6 b1c3 g8f6 e2e3 e7e6 g1f3 b8d7 d1c2
Semi-Slav Defense: Stoltz Variation, Center Variation	d2d4 d7d5 c2c4 c7c6 g1f3 g8f6 b1c3 e7e6 e2e3 b8d7 d1c2 f8d6 e3e4
Semi-Slav Defense: Stoltz Variation, Center Variation, Mikhalchishin Line	d2d4 d7d5 c2c4 c7c6 g1f3 g8f6 b1c3 e7e6 e2e3 b8d7 d1c2 f8d6 e3e4 d5e4 c3e4 f6e4 c2e4 e6e5 d4e5
Semi-Slav Defense: Stoltz Variation, Shabalov Attack	d2d4 d7d5 c2c4 c7c6 g1f3 g8f6 b1c3 e7e6 e2e3 b8d7 d1c2 f8d6 g2g4
Semi-Slav Defense: Stonewall Defense	d2d4 d7d5 g1f3 g8f6 c2c4 c7c6 b1c3 e7e6 e2e3 f6e4 f1d3 f7f5
Semi-Slav Defense: Bogoljubov Variation	d2d4 d7d5 c2c4 c7c6 b1c3 g8f6 e2e3 e7e6 g1f3 b8d7 f1d3 f8e7
Semi-Slav Defense: Chigorin Defense	d2d4 d7d5 c2c4 c7c6 b1c3 g8f6 e2e3 e7e6 g1f3 b8d7 f1d3 f8d6
Semi-Slav Defense: Main Line	d2d4 d7d5 c2c4 c7c6 b1c3 g8f6 e2e3 e7e6 g1f3 b8d7 f1d3
Semi-Slav Defense: Romih Variation	d2d4 d7d5 c2c4 c7c6 b1c3 g8f6 e2e3 e7e6 g1f3 b8d7 f1d3 f8b4
Semi-Slav Defense: Meran Variation	d2d4 d7d5 c2c4 c7c6 b1c3 g8f6 e2e3 e7e6 g1f3 b8d7 f1d3 d5c4 d3c4 b7b5
Semi-Slav Defense: Meran Variation, Lundin Variation	d2d4 d7d5 c2c4 c7c6 g1f3 g8f6 b1c3 e7e6 e2e3 b8d7 f1d3 d5c4 d3c4 b7b5 c4d3 b5b4
Semi-Slav Defense: Meran Variation, Wade Variation	d2d4 d7d5 c2c4 c7c6 b1c3 g8f6 e2e3 e7e6 g1f3 b8d7 f1d3 d5c4 d3c4 b7b5 c4d3 c8b7
Semi-Slav Defense: Meran Variation, Wade Variation, Kaidanov Gambit	d2d4 d7d5 c2c4 c7c6 b1c3 g8f6 e2e3 e7e6 g1f3 b8d7 f1d3 d5c4 d3c4 b7b5 c4d3 c8b7 e3e4 b5b4 c3a4 c6c5 e4e5 f6d5 e1g1 c5d4 f3d4
Semi-Slav Defense: Meran Variation, Wade Variation, Larsen Variation	d2d4 d7d5 c2c4 c7c6 b1c3 g8f6 e2e3 e7e6 g1f3 b8d7 f1d3 d5c4 d3c4 b7b5 c4d3 c8b7 e3e4 b5b4 c3a4 c6c5 e4e5 f6d5
Semi-Slav Defense: Semi-Meran Variation	d2d4 d7d5 c2c4 c7c6 b1c3 g8f6 e2e3 e7e6 g1f3 b8d7 f1d3 d5c4 d3c4
Semi-Slav Defense: Meran Variation	d2d4 d7d5 c2c4 c7c6 b1c3 g8f6 e2e3 e7e6 g1f3 b8d7 f1d3 d5c4 d3c4 b7b5 c4d3 a7a6
Semi-Slav Defense: Meran Variation	d2d4 d7d5 c2c4 c7c6 b1c3 g8f6 e2e3 e7e6 g1f3 b8d7 f1d3 d5c4 d3c4 b7b5 c4d3 a7a6 e3e4 c6c5
Semi-Slav Defense: Meran Variation, Old Variation	d2d4 d7d5 c2c4 c7c6 b1c3 g8f6 e2e3 e7e6 g1f3 b8d7 f1d3 d5c4 d3c4 b7b5 c4d3 a7a6 e3e4 c6c5 e4e5
Semi-Slav Defense: Meran Variation, Pirc Variation	d2d4 d7d5 c2c4 e7e6 b1c3 c7c6 e2e3 g8f6 g1f3 b8d7 f1d3 d5c4 d3c4 b7b5 c4d3 a7a6 e3e4 b5b4
Semi-Slav Defense: Meran Variation, Reynolds' Variation	d2d4 d7d5 c2c4 c7c6 g1f3 g8f6 b1c3 e7e6 e2e3 b8d7 f1d3 d5c4 d3c4 b7b5 c4d3 a7a6 e3e4 c6c5 d4d5
Semi-Slav Defense: Meran Variation, Blumenfeld Variation	d2d4 d7d5 c2c4 c7c6 b1c3 g8f6 e2e3 e7e6 g1f3 b8d7 f1d3 d5c4 d3c4 b7b5 c4d3 a7a6 e3e4 c6c5 e4e5 c5d4 c3b5
Semi-Slav Defense: Meran Variation, Rabinovich Variation	d2d4 d7d5 c2c4 c7c6 b1c3 g8f6 e2e3 e7e6 g1f3 b8d7 f1d3 d5c4 d3c4 b7b5 c4d3 a7a6 e3e4 c6c5 e4e5 c5d4 c3b5 f6g4
Semi-Slav Defense: Meran Variation, Rellstab Attack	d2d4 d7d5 c2c4 c7c6 b1c3 g8f6 g1f3 e7e6 e2e3 b8d7 f1d3 d5c4 d3c4 b7b5 c4d3 a7a6 e3e4 c6c5 e4e5 c5d4 c3b5 d7e5 f3e5 a6b5 e1g1 d8d5 d1e2 c8a6 c1g5
Semi-Slav Defense: Meran Variation, Sozin Variation	d2d4 d7d5 c2c4 c7c6 g1f3 g8f6 b1c3 e7e6 e2e3 b8d7 f1d3 d5c4 d3c4 b7b5 c4d3 a7a6 e3e4 c6c5 e4e5 c5d4 c3b5 d7e5
Semi-Slav Defense: Meran Variation, Sozin Variation	d2d4 d7d5 g1f3 g8f6 c2c4 c7c6 b1c3 e7e6 e2e3 b8d7 f1d3 d5c4 d3c4 b7b5 c4d3 a7a6 e3e4 c6c5 e4e5 c5d4 c3b5 d7e5 f3e5 a6b5 e1g1
Semi-Slav Defense: Meran Variation, Stahlberg Variation	d2d4 d7d5 c2c4 c7c6 b1c3 g8f6 e2e3 e7e6 g1f3 b8d7 f1d3 d5c4 d3c4 b7b5 c4d3 a7a6 e3e4 c6c5 e4e5 c5d4 c3b5 d7e5 f3e5 a6b5 d1f3
Queen's Gambit Declined: Been-Koomen Variation	d2d4 d7d5 c2c4 e7e6 b1c3 g8f6 c1g5 c7c5
Queen's Gambit Declined: Modern Variation	d2d4 d7d5 c2c4 e7e6 b1c3 g8f6 c1g5
Queen's Gambit Declined: Pseudo-Tarrasch Variation	d2d4 d7d5 c2c4 e7e6 b1c3 g8f6 c1g5 c7c5 c4d5
Queen's Gambit Declined: Pseudo-Tarrasch Variation, Canal Variation	d2d4 d7d5 c2c4 e7e6 b1c3 g8f6 c1g5 c7c5 c4d5 d8b6
Queen's Gambit Declined: Pseudo-Tarrasch Variation, Primitive Pillsbury Variation	d2d4 d7d5 c2c4 e7e6 b1c3 g8f6 c1g5 c7c5 g1f3 c5d4 d1d4
Queen's Gambit Declined: Semi-Tarrasch Defense, Krause Variation	d2d4 d7d5 c2c4 e7e6 b1c3 g8f6 c1g5 c7c5 g1f3 c5d4 f3d4 e6e5 d4b5 a7a6 d1a4
Queen's Gambit Declined: Alekhine Variation	d2d4 d7d5 c2c4 e7e6 b1c3 g8f6 c1g5 b8d7 g1f3 c7c6 e2e4
Queen's Gambit Declined: Capablanca Variation, Anti-Cambridge Springs Variation	d2d4 d7d5 c2c4 e7e6 b1c3 g8f6 c1g5 b8d7 e2e3 c7c6 a2a3
Queen's Gambit Declined: Manhattan Variation	d2d4 d7d5 c2c4 e7e6 b1c3 g8f6 c1g5 b8d7 e2e3 f8b4
Queen's Gambit Declined: Modern Variation, Knight Defense	d2d4 d7d5 c2c4 e7e6 b1c3 g8f6 c1g5 b8d7
Queen's Gambit Declined: Modern Variation, Knight Defense	d2d4 d7d5 c2c4 e7e6 b1c3 g8f6 c1g5 b8d7 e2e3
Queen's Gambit Declined: Modern Variation, Knight Defense	d2d4 d7d5 c2c4 e7e6 b1c3 g8f6 c1g5 b8d7 e2e3 c7c6
Queen's Gambit Declined: Rochlin Variation	d2d4 d7d5 c2c4 e7e6 b1c3 g8f6 c1g5 b8d7 g1f3 c7c6 a1c1 d8a5 g5d2
Queen's Gambit Declined	d2d4 d7d5 c2c4 c7c6 g1f3 g8f6 b1c3 e7e6 c1g5 b8d7 e2e3
Queen's Gambit Declined: Cambridge Springs Defense	d2d4 d7d5 c2c4 c7c6 g1f3 g8f6 b1c3 e7e6 c1g5 b8d7 e2e3 d8a5
Queen's Gambit Declined: Cambridge Springs Defense	d2d4 d7d5 c2c4 c7c6 g1f3 g8f6 b1c3 e7e6 c1g5 b8d7 e2e3 d8a5 c4d5
Queen's Gambit Declined: Cambridge Springs Defense, Argentine Variation	d2d4 d7d5 c2c4 e7e6 b1c3 g8f6 c1g5 b8d7 e2e3 c7c6 g1f3 d8a5 f3d2 f8b4 d1c2 e8g8 g5h4
Queen's Gambit Declined: Cambridge Springs Defense, Bogoljubov Variation	d2d4 d7d5 c2c4 c7c6 g1f3 g8f6 b1c3 e7e6 c1g5 b8d7 e2e3 d8a5 f3d2 f8b4 d1c2
Queen's Gambit Declined: Cambridge Springs Defense, Capablanca Variation	d2d4 d7d5 c2c4 e7e6 b1c3 g8f6 c1g5 b8d7 e2e3 c7c6 g1f3 d8a5 g5f6
Queen's Gambit Declined: Cambridge Springs Defense, Rubinstein Variation	d2d4 d7d5 c2c4 c7c6 g1f3 g8f6 b1c3 e7e6 c1g5 b8d7 e2e3 d8a5 f3d2 d5c4
Queen's Gambit Declined: Cambridge Springs Defense, Yugoslav Variation	d2d4 d7d5 c2c4 c7c6 g1f3 g8f6 b1c3 e7e6 c1g5 b8d7 e2e3 d8a5 c4d5 f6d5
Queen's Gambit Declined	d2d4 d7d5 c2c4 e7e6 b1c3 g8f6 c1g5 f8e7
Queen's Gambit Declined: Lasker Defense	d2d4 g8f6 c2c4 e7e6 b1c3 d7d5 c1g5 f8e7 e2e3 f6e4
Queen's Gambit Declined: Modern Variation, Heral Variation	d2d4 d7d5 c2c4 e7e6 b1c3 g8f6 c1g5 f8e7 g5f6
Queen's Gambit Declined: Neo-Orthodox Variation	d2d4 g8f6 c2c4 e7e6 b1c3 d7d5 c1g5 f8e7 e2e3 e8g8 a1c1
Queen's Gambit Declined: Anti-Tartakower Variation	d2d4 g8f6 c2c4 e7e6 g1f3 d7d5 b1c3 f8e7 c1g5 e8g8 e2e3 h7h6 g5f6
Queen's Gambit Declined: Anti-Tartakower Variation, Petrosian Variation	d2d4 g8f6 c2c4 e7e6 g1f3 d7d5 b1c3 f8e7 c1g5 h7h6 g5f6 e7f6 e2e3 e8g8 a1c1 c7c6 f1d3 b8d7 e1g1 d5c4 d3c4
Queen's Gambit Declined: Modern Variation, Normal Line	d2d4 g8f6 c2c4 e7e6 g1f3 d7d5 b1c3 f8e7 c1g5 e8g8 e2e3
Queen's Gambit Declined: Neo-Orthodox Variation	d2d4 g8f6 c2c4 e7e6 g1f3 d7d5 b1c3 f8e7 c1g5 e8g8 e2e3 h7h6
Queen's Gambit Declined: Neo-Orthodox Variation, Main Line	d2d4 g8f6 c2c4 e7e6 g1f3 d7d5 b1c3 f8e7 c1g5 h7h6 g5h4 e8g8 e2e3
Queen's Gambit Declined: Pillsbury Attack	d2d4 g8f6 c2c4 e7e6 g1f3 b7b6 b1c3 d7d5 c4d5 e6d5 c1g5 f8e7 e2e3 e8g8 f1d3 c8b7 f3e5
Queen's Gambit Declined: Lasker Defense	d2d4 d7d5 c2c4 e7e6 b1c3 f8e7 g1f3 g8f6 c1g5 h7h6 g5h4 e8g8 e2e3 f6e4
Queen's Gambit Declined: Lasker Defense, Russian Variation	d2d4 d7d5 c2c4 e7e6 b1c3 g8f6 c1g5 f8e7 e2e3 e8g8 g1f3 h7h6 g5h4 f6e4 h4e7 d8e7 d1c2 e4f6 f1d3 d5c4 d3c4 c7c5 e1g1 b8c6 f1d1 c8d7
Queen's Gambit Declined: Lasker Defense, Teichmann Variation	d2d4 g8f6 c2c4 e7e6 g1f3 d7d5 b1c3 f8e7 c1g5 h7h6 g5h4 e8g8 e2e3 f6e4 h4e7 d8e7 d1c2
Queen's Gambit Declined: Lasker Defense, Bernstein Variation	d2d4 g8f6 c2c4 e7e6 b1c3 d7d5 c1g5 f8e7 e2e3 h7h6 g5h4 e8g8 g1f3 f6e4 h4e7 d8e7 c4d5 e4c3 b2c3 e6d5 d1b3 e7d6
Queen's Gambit Declined: Lasker Defense, Bernstein Variation, Mar del Plata Gambit	d2d4 d7d5 c2c4 e7e6 b1c3 g8f6 c1g5 f8e7 e2e3 e8g8 g1f3 h7h6 g5h4 f6e4 h4e7 d8e7 c4d5 e4c3 b2c3 e6d5 d1b3 f8d8 c3c4 c8e6
Queen's Gambit Declined: Lasker Defense, Main Line	d2d4 d7d5 c2c4 e7e6 b1c3 f8e7 g1f3 g8f6 c1g5 h7h6 g5h4 e8g8 e2e3 f6e4 h4e7 d8e7 c4d5 e4c3 b2c3
Queen's Gambit Declined: Tartakower Defense	d2d4 g8f6 c2c4 e7e6 g1f3 d7d5 b1c3 f8e7 c1g5 h7h6 g5h4 e8g8 e2e3 b7b6
Queen's Gambit Declined: Tartakower Defense, Exchange Variation	d2d4 d7d5 c2c4 e7e6 b1c3 f8e7 g1f3 g8f6 c1g5 h7h6 g5h4 e8g8 e2e3 b7b6 c4d5 e6d5
Queen's Gambit Declined: Tartakower Defense	d2d4 d7d5 c2c4 e7e6 b1c3 f8e7 g1f3 g8f6 c1g5 h7h6 g5h4 e8g8 e2e3 b7b6 c4d5 f6d5 h4e7 d8e7 c3d5 e6d5 a1c1 c8e6
Queen's Gambit Declined: Tartakower Defense, Makogonov Exchange Variation	d2d4 d7d5 c2c4 e7e6 b1c3 f8e7 g1f3 g8f6 c1g5 h7h6 g5h4 e8g8 e2e3 b7b6 c4d5 f6d5
Queen's Gambit Declined: Orthodox Defense	d2d4 g8f6 c2c4 e7e6 g1f3 d7d5 b1c3 f8e7 c1g5 e8g8 e2e3 b8d7
Queen's Gambit Declined: Orthodox Defense, Botvinnik Variation	d2d4 g8f6 c2c4 e7e6 g1f3 d7d5 b1c3 f8e7 c1g5 e8g8 e2e3 b8d7 f1d3
Queen's Gambit Declined: Orthodox Defense, Rauzer Variation	d2d4 d7d5 g1f3 g8f6 c2c4 e7e6 b1c3 f8e7 c1g5 e8g8 e2e3 b8d7 d1b3
Queen's Gambit Declined: Orthodox Defense, Rubinstein Variation	d2d4 g8f6 c2c4 e7e6 g1f3 d7d5 b1c3 f8e7 c1g5 e8g8 e2e3 b8d7 d1c2
Queen's Gambit Declined: Orthodox Defense, Rubinstein Variation, Flohr Line	d2d4 g8f6 c2c4 e7e6 g1f3 d7d5 b1c3 f8e7 c1g5 e8g8 e2e3 b8d7 d1c2 c7c5 c4d5
Queen's Gambit Declined: Orthodox Defense, Capablanca Variation	g1f3 d7d5 d2d4 g8f6 c2c4 e7e6 b1c3 f8e7 c1g5 e8g8 e2e3 b8d7 a1c1 b7b6 c4d5 e6d5 f1b5
Queen's Gambit Declined: Orthodox Defense, Henneberger Variation	d2d4 g8f6 c2c4 e7e6 g1f3 d7d5 b1c3 f8e7 c1g5 e8g8 e2e3 b8d7 a1c1 a7a6
Queen's Gambit Declined: Orthodox Defense, Main Line	d2d4 g8f6 c2c4 e7e6 g1f3 d7d5 b1c3 f8e7 c1g5 e8g8 e2e3 b8d7 a1c1
Queen's Gambit Declined: Orthodox Defense, Main Line	d2d4 g8f6 c2c4 e7e6 g1f3 d7d5 b1c3 f8e7 c1g5 e8g8 e2e3 b8d7 a1c1 c7c6
Queen's Gambit Declined: Orthodox Defense, Pillsbury Variation	d2d4 g8f6 c2c4 e7e6 b1c3 d7d5 c1g5 f8e7 e2e3 e8g8 g1f3 b8d7 a1c1 b7b6 c4d5 e6d5 f1d3
Queen's Gambit Declined: Orthodox Defense, Swiss, Karlsbad Variation	d2d4 g8f6 c2c4 e7e6 g1f3 d7d5 b1c3 f8e7 c1g5 e8g8 e2e3 b8d7 a1c1 a7a6 c4d5
Queen's Gambit Declined: Orthodox Defense, Rubinstein Attack	d2d4 g8f6 c2c4 e7e6 b1c3 d7d5 g1f3 f8e7 c1g5 e8g8 e2e3 b8d7 a1c1 c7c6 a2a3 a7a6 d1c2
Queen's Gambit Declined: Orthodox Defense, Rubinstein Attack	d2d4 g8f6 c2c4 e7e6 g1f3 d7d5 b1c3 f8e7 c1g5 e8g8 e2e3 b8d7 a1c1 c7c6 d1c2
Queen's Gambit Declined: Orthodox Defense, Rubinstein Attack	d2d4 g8f6 c2c4 e7e6 g1f3 d7d5 b1c3 f8e7 c1g5 e8g8 e2e3 b8d7 a1c1 c7c6 d1c2 a7a6
Queen's Gambit Declined: Orthodox Defense, Rubinstein Attack	g1f3 d7d5 d2d4 g8f6 c2c4 e7e6 b1c3 f8e7 c1g5 e8g8 e2e3 b8d7 a1c1 c7c6 d1c2 f6e4
Queen's Gambit Declined: Orthodox Defense, Rubinstein Attack	d2d4 d7d5 g1f3 g8f6 c2c4 e7e6 b1c3 f8e7 c1g5 e8g8 e2e3 b8d7 a1c1 c7c6 d1c2 a7a6 c4d5
Queen's Gambit Declined: Orthodox Defense, Bd3 Line	d2d4 d7d5 c2c4 e7e6 b1c3 g8f6 c1g5 f8e7 e2e3 e8g8 g1f3 b8d7 a1c1 c7c6 f1d3
Queen's Gambit Declined: Orthodox Defense, Fianchetto Variation	d2d4 d7d5 c2c4 e7e6 b1c3 g8f6 c1g5 c7c6 g1f3 f8e7 e2e3 b8d7 a1c1 e8g8 f1d3 d5c4 d3c4 b7b5
Queen's Gambit Declined: Orthodox Defense, Alekhine Variation	d2d4 d7d5 c2c4 e7e6 b1c3 g8f6 c1g5 f8e7 e2e3 e8g8 g1f3 b8d7 a1c1 c7c6 f1d3 d5c4 d3c4 f6d5 g5e7 d8e7 c3e4
Queen's Gambit Declined: Orthodox Defense, Bd3 Line	d2d4 d7d5 c2c4 e7e6 b1c3 g8f6 c1g5 f8e7 e2e3 e8g8 g1f3 b8d7 a1c1 c7c6 f1d3 d5c4 d3c4 f6d5 g5e7 d8e7
Queen's Gambit Declined: Orthodox Defense, Capablanca System	d2d4 d7d5 c2c4 e7e6 b1c3 g8f6 c1g5 f8e7 e2e3 e8g8 g1f3 b8d7 a1c1 c7c6 f1d3 d5c4 d3c4 f6d5
Queen's Gambit Declined: Orthodox Defense, Janowski Variation	d2d4 d7d5 g1f3 g8f6 c2c4 e7e6 b1c3 f8e7 c1g5 e8g8 e2e3 b8d7 a1c1 c7c6 f1d3 d5c4 d3c4 f6d5 h2h4
Queen's Gambit Declined: Orthodox Defense, Main Line	d2d4 d7d5 c2c4 e7e6 b1c3 g8f6 c1g5 f8e7 e2e3 e8g8 g1f3 b8d7 a1c1 c7c6 f1d3 d5c4 d3c4 f6d5 g5e7 d8e7 e1g1
Queen's Gambit Declined: Orthodox Defense, Classical Variation	d2d4 d7d5 c2c4 e7e6 b1c3 g8f6 c1g5 f8e7 e2e3 e8g8 g1f3 b8d7 a1c1 c7c6 f1d3 d5c4 d3c4 f6d5 g5e7 d8e7 e1g1 d5c3 c1c3 e6e5
Queen's Gambit Declined: Orthodox Defense, Classical Variation	d2d4 d7d5 c2c4 e7e6 g1f3 g8f6 b1c3 f8e7 c1g5 e8g8 e2e3 b8d7 a1c1 c7c6 f1d3 d5c4 d3c4 f6d5 g5e7 d8e7 e1g1 d5c3 c1c3 e6e5 d1b1
Queen's Gambit Declined: Orthodox Defense, Classical Variation	d2d4 g8f6 c2c4 e7e6 g1f3 d7d5 b1c3 f8e7 c1g5 e8g8 e2e3 b8d7 a1c1 c7c6 f1d3 d5c4 d3c4 f6d5 g5e7 d8e7 e1g1 d5c3 c1c3 e6e5 d1c2
Queen's Gambit Declined: Orthodox Defense, Classical Variation	d2d4 d7d5 c2c4 e7e6 b1c3 g8f6 c1g5 f8e7 e2e3 e8g8 g1f3 b8d7 a1c1 c7c6 f1d3 d5c4 d3c4 f6d5 g5e7 d8e7 e1g1 d5c3 c1c3 e6e5 d4e5 d7e5 f3e5 e7e5
Neo-Grünfeld Defense: Goglidze Attack	d2d4 g8f6 c2c4 g7g6 f2f3 d7d5
Neo-Grünfeld Defense: with Nf3	d2d4 g8f6 c2c4 g7g6 g1f3 d7d5
Neo-Grünfeld Defense: with g3	d2d4 g8f6 c2c4 g7g6 g2g3 d7d5
Neo-Grünfeld Defense: Exchange Variation	d2d4 g8f6 c2c4 g7g6 g2g3 f8g7 f1g2 d7d5 c4d5 f6d5
Neo-Grünfeld Defense: Delayed Exchange Variation	d2d4 g8f6 c2c4 g7g6 g1f3 f8g7 g2g3 e8g8 f1g2 d7d5 c4d5 f6d5 e1g1
Neo-Grünfeld Defense: Delayed Exchange Variation	d2d4 g8f6 c2c4 g7g6 b1c3 f8g7 g1f3 e8g8 g2g3 d7d5 c4d5 f6d5 f1g2 c7c5 e1g1
Neo-Grünfeld Defense: Delayed Exchange Variation	d2d4 g8f6 g1f3 g7g6 c2c4 f8g7 g2g3 e8g8 f1g2 d7d5 c4d5 f6d5 e1g1 c7c5 d4c5
Neo-Grünfeld Defense: Delayed Exchange Variation	d2d4 g8f6 c2c4 g7g6 g1f3 f8g7 g2g3 e8g8 f1g2 d7d5 c4d5 f6d5 e1g1 d5b6
Neo-Grünfeld Defense: Classical Variation	d2d4 g8f6 g1f3 g7g6 g2g3 f8g7 f1g2 e8g8 e1g1 d7d5 c2c4
Neo-Grünfeld Defense: Classical Variation, Modern Defense	d2d4 g8f6 g1f3 g7g6 g2g3 f8g7 f1g2 e8g8 e1g1 d7d5 c2c4 d5c4
Neo-Grünfeld Defense: Classical Variation, Polgar Variation	d2d4 g8f6 g1f3 g7g6 g2g3 f8g7 f1g2 e8g8 e1g1 d7d5 c2c4 b8c6
Neo-Grünfeld Defense: Classical Variation, Original Defense	d2d4 g8f6 c2c4 g7g6 g1f3 f8g7 g2g3 e8g8 f1g2 c7c6 e1g1 d7d5
Neo-Grünfeld Defense: Ultra-Delayed Exchange Variation	d2d4 g8f6 c2c4 g7g6 g1f3 f8g7 g2g3 e8g8 f1g2 c7c6 e1g1 d7d5 c4d5 c6d5
Grünfeld Defense	d2d4 g8f6 c2c4 g7g6 b1c3 d7d5
Grünfeld Defense: Gibbon Gambit	d2d4 g8f6 c2c4 g7g6 b1c3 d7d5 g2g4
Grünfeld Defense: Lundin Variation	d2d4 g8f6 c2c4 g7g6 b1c3 d7d5 c1g5 f6e4 c3e4 d5e4 d1d2 c7c5
Grünfeld Defense: Lutikov Variation	d2d4 g8f6 c2c4 g7g6 b1c3 d7d5 f2f3
Grünfeld Defense: Lutikov Variation, Murrey Attack	d2d4 g8f6 c2c4 g7g6 b1c3 d7d5 f2f3 c7c5 c4d5 f6d5 c3a4
Grünfeld Defense: Stockholm Variation	d2d4 g8f6 c2c4 g7g6 b1c3 d7d5 c1g5
Grünfeld Defense: Zaitsev Gambit	d2d4 g8f6 c2c4 g7g6 b1c3 d7d5 h2h4
Grünfeld Defense: Russian Variation, Accelerated Variation	d2d4 g8f6 c2c4 g7g6 b1c3 d7d5 d1b3
Grünfeld Defense: Brinckmann Attack	d2d4 g8f6 c2c4 g7g6 b1c3 d7d5 c1f4
Grünfeld Defense: Brinckmann Attack, Grünfeld Gambit	d2d4 g8f6 c2c4 g7g6 b1c3 d7d5 c1f4 f8g7 e2e3 e8g8
Grünfeld Defense: Brinckmann Attack, Grünfeld Gambit, Botvinnik Variation	d2d4 g8f6 c2c4 g7g6 b1c3 d7d5 c1f4 f8g7 e2e3 e8g8 a1c1 c7c5 d4c5 c8e6
Grünfeld Defense: Brinckmann Attack, Grünfeld Gambit, Capablanca Variation	d2d4 g8f6 c2c4 g7g6 b1c3 d7d5 c1f4 f8g7 e2e3 e8g8 a1c1
Grünfeld Defense: Brinckmann Attack, Reshevsky Gambit	d2d4 g8f6 c2c4 g7g6 b1c3 d7d5 c1f4 f8g7 a1c1 e8g8 e2e3 c7c5 d4c5 d8a5
Grünfeld Defense: Brinckmann Attack, Grünfeld Gambit Accepted	d2d4 g8f6 c2c4 g7g6 b1c3 d7d5 c1f4 f8g7 e2e3 e8g8 c4d5 f6d5 c3d5 d8d5 f4c7
Grünfeld Defense: Exchange Variation	d2d4 g8f6 c2c4 g7g6 b1c3 d7d5 c4d5 f6d5
Grünfeld Defense: Exchange Variation, Modern Exchange Variation	d2d4 g8f6 c2c4 g7g6 b1c3 d7d5 c4d5 f6d5 e2e4 d5c3 b2c3 f8g7 g1f3
Grünfeld Defense: Exchange Variation, Modern Exchange Variation, Kramnik's Line	d2d4 g8f6 g1f3 g7g6 c2c4 f8g7 b1c3 d7d5 c4d5 f6d5 e2e4 d5c3 b2c3 c7c5 h2h3
Grünfeld Defense: Exchange Variation, Modern Exchange Variation, Pawn Grab Line	d2d4 g8f6 c2c4 g7g6 b1c3 d7d5 c4d5 f6d5 e2e4 d5c3 b2c3 f8g7 g1f3 c7c5 a1b1 e8g8 f1e2 b8c6 d4d5 g7c3
Grünfeld Defense: Exchange Variation, Nadanian Attack	d2d4 g8f6 c2c4 g7g6 b1c3 d7d5 c4d5 f6d5 c3a4
Grünfeld Defense: Exchange Variation, Classical Variation	d2d4 g8f6 c2c4 g7g6 b1c3 d7d5 c4d5 f6d5 e2e4 d5c3 b2c3 f8g7 f1c4
Grünfeld Defense: Exchange Variation, Larsen Variation	d2d4 g8f6 c2c4 g7g6 b1c3 d7d5 c4d5 f6d5 e2e4 d5c3 b2c3 f8g7 f1c4 e8g8 g1e2 d8d7
Grünfeld Defense: Exchange Variation, Larsen Variation	d2d4 g8f6 c2c4 g7g6 b1c3 d7d5 c4d5 f6d5 e2e4 d5c3 b2c3 f8g7 f1c4 e8g8 g1e2 d8d7 e1g1 b7b6
Grünfeld Defense: Exchange Variation, Simagin's Improved Variation	d2d4 g8f6 c2c4 g7g6 b1c3 d7d5 c4d5 f6d5 e2e4 d5c3 b2c3 f8g7 f1c4 e8g8 g1e2 b8c6
Grünfeld Defense: Exchange Variation, Simagin's Lesser Variation	d2d4 g8f6 c2c4 g7g6 b1c3 d7d5 c4d5 f6d5 e2e4 d5c3 b2c3 f8g7 f1c4 e8g8 g1e2 b7b6
Grünfeld Defense: Exchange Variation, Seville Variation	d2d4 g8f6 c2c4 g7g6 b1c3 d7d5 c4d5 f6d5 e2e4 d5c3 b2c3 f8g7 f1c4 c7c5 g1e2 b8c6 c1e3 e8g8 e1g1 c8g4 f2f3 c6a5 c4f7
Grünfeld Defense: Exchange Variation, Spassky Variation	d2d4 g8f6 c2c4 g7g6 b1c3 d7d5 c4d5 f6d5 e2e4 d5c3 b2c3 f8g7 f1c4 c7c5 g1e2 e8g8
Grünfeld Defense: Exchange Variation, Spassky Variation	d2d4 g8f6 c2c4 g7g6 b1c3 d7d5 c4d5 f6d5 e2e4 d5c3 b2c3 f8g7 f1c4 c7c5 g1e2 b8c6 c1e3 e8g8 e1g1 c5d4 c3d4
Grünfeld Defense: Exchange Variation, Sokolsky Variation	d2d4 g8f6 c2c4 g7g6 b1c3 d7d5 c4d5 f6d5 e2e4 d5c3 b2c3 f8g7 f1c4 c7c5 g1e2 e8g8 e1g1 b8c6 c1e3 c8g4 f2f3 c6a5 c4d3 c5d4 c3d4 g4e6 d4d5
Grünfeld Defense: Exchange Variation, Spassky Variation	d2d4 g8f6 c2c4 g7g6 b1c3 d7d5 c4d5 f6d5 e2e4 d5c3 b2c3 f8g7 f1c4 c7c5 g1e2 b8c6 c1e3 e8g8 e1g1 c8g4 f2f3 c6a5 c4d3 c5d4 c3d4 g4e6
Grünfeld Defense: Flohr Variation	d2d4 g8f6 c2c4 g7g6 b1c3 d7d5 g1f3 f8g7 d1a4
Grünfeld Defense: Three Knights Variation	d2d4 g8f6 c2c4 g7g6 b1c3 d7d5 g1f3
Grünfeld Defense: Three Knights Variation	d2d4 g8f6 c2c4 g7g6 b1c3 d7d5 g1f3 f8g7
Grünfeld Defense: Three Knights Variation, Petrosian System	d2d4 g8f6 c2c4 g7g6 b1c3 d7d5 g1f3 f8g7 c1g5
Grünfeld Defense: Three Knights Variation, Hungarian Attack	d2d4 g8f6 c2c4 g7g6 b1c3 d7d5 g1f3 f8g7 c1f4
Grünfeld Defense: Three Knights Variation, Hungarian Variation	d2d4 g8f6 c2c4 g7g6 b1c3 d7d5 g1f3 f8g7 c1f4 e8g8 e2e3
Grünfeld Defense: Flohr Defense	d2d4 d7d5 c2c4 c7c6 b1c3 g8f6 e2e3 g7g6 g1f3 f8g7 f1d3 e8g8 e1g1 c8f5
Grünfeld Defense: Makogonov Variation	d2d4 g8f6 c2c4 g7g6 b1c3 d7d5 g1f3 f8g7 e2e3 e8g8 b2b4
Grünfeld Defense: Opocensky Variation	d2d4 g8f6 c2c4 g7g6 b1c3 d7d5 g1f3 f8g7 e2e3 e8g8 c1d2
Grünfeld Defense: Smyslov Defense	d2d4 d7d5 c2c4 c7c6 b1c3 g8f6 e2e3 g7g6 g1f3 f8g7 f1d3 e8g8 e1g1 c8g4
Grünfeld Defense: Three Knights Variation, Burille Variation	d2d4 g8f6 c2c4 g7g6 b1c3 d7d5 g1f3 f8g7 e2e3
Grünfeld Defense: Three Knights Variation, Paris Variation	d2d4 g8f6 c2c4 g7g6 b1c3 d7d5 g1f3 f8g7 e2e3 e8g8 f1d3
Grünfeld Defense: Botvinnik Variation	d2d4 g8f6 c2c4 g7g6 b1c3 d7d5 g1f3 f8g7 e2e3 e8g8 d1b3 e7e6
Grünfeld Defense: Pachman Variation	d2d4 g8f6 c2c4 g7g6 b1c3 d7d5 e2e3 f8g7 d1b3 d5c4 f1c4 e8g8 g1f3 b8d7 f3g5
Grünfeld Defense: Three Knights Variation, Vienna Variation	d2d4 g8f6 c2c4 g7g6 b1c3 d7d5 g1f3 f8g7 e2e3 e8g8 d1b3
Grünfeld Defense: Russian Variation	d2d4 g8f6 c2c4 g7g6 b1c3 d7d5 g1f3 f8g7 d1b3
Grünfeld Defense: Russian Variation	d2d4 g8f6 c2c4 g7g6 b1c3 d7d5 g1f3 f8g7 d1b3 d5c4 b3c4 e8g8 e2e4
Grünfeld Defense: Russian Variation, Byrne Variation	d2d4 g8f6 c2c4 g7g6 b1c3 d7d5 g1f3 f8g7 d1b3 d5c4 b3c4 e8g8 e2e4 b8c6
Grünfeld Defense: Russian Variation, Hungarian Variation	d2d4 g8f6 c2c4 g7g6 b1c3 d7d5 g1f3 f8g7 d1b3 d5c4 b3c4 e8g8 e2e4 a7a6
Grünfeld Defense: Russian Variation, Levenfish Variation	d2d4 g8f6 c2c4 g7g6 b1c3 d7d5 g1f3 f8g7 d1b3 d5c4 b3c4 e8g8 e2e4 b7b6
Grünfeld Defense: Russian Variation, Prins Variation	d2d4 g8f6 c2c4 g7g6 b1c3 d7d5 g1f3 f8g7 d1b3 d5c4 b3c4 e8g8 e2e4 b8a6
Grünfeld Defense: Russian Variation, Szabo Variation	d2d4 g8f6 c2c4 g7g6 b1c3 d7d5 g1f3 f8g7 d1b3 d5c4 b3c4 e8g8 e2e4 c7c6
Grünfeld Defense: Russian Variation, Keres Variation	d2d4 g8f6 c2c4 g7g6 b1c3 d7d5 g1f3 f8g7 d1b3 d5c4 b3c4 e8g8 e2e4 c8g4 c1e3 f6d7 f1e2 d7b6 c4d3 b8c6 e1c1
Grünfeld Defense: Russian Variation, Smyslov Variation	d2d4 g8f6 c2c4 g7g6 b1c3 d7d5 g1f3 f8g7 d1b3 d5c4 b3c4 e8g8 e2e4 c8g4
Grünfeld Defense: Russian Variation, Smyslov Variation	d2d4 g8f6 c2c4 g7g6 b1c3 d7d5 g1f3 f8g7 d1b3 d5c4 b3c4 e8g8 e2e4 c8g4 c1e3 f6d7 c4b3
Grünfeld Defense: Russian Variation, Yugoslav Variation	d2d4 g8f6 c2c4 g7g6 b1c3 d7d5 g1f3 f8g7 d1b3 d5c4 b3c4 e8g8 e2e4 c8g4 c1e3 f6d7 c4b3 c7c5
